Customer ID,Customer Name,Gender,Age,Region,Segment,Signup Date,Total Orders,Total Spend,Last Purchase Date,Customer Status
CUST-2001,Acme Corporation,Corporate,44,North America,Enterprise,2023-01-15,18,64500.00,2026-09-18,Active
CUST-2002,Global Logistics Ltd,Corporate,52,Europe,Enterprise,2022-11-20,24,88200.00,2026-09-25,Active
CUST-2003,Starlight Media,Female,29,North America,SMB,2024-03-10,5,12400.00,2026-08-14,Active
CUST-2004,Zenith Financial,Male,38,Europe,Enterprise,2023-05-18,14,46000.00,2026-07-30,Active
CUST-2005,Nexus Robotics,Male,33,Asia Pacific,Enterprise,2023-08-22,12,39800.00,2026-09-12,Active
CUST-2006,Vanguard Retailers,Female,47,Latin America,SMB,2023-10-04,3,7500.00,2026-03-15,Churned
CUST-2007,Apex Health Systems,Corporate,50,North America,Enterprise,2022-04-12,30,115000.00,2026-09-28,Active
CUST-2008,Nova Dynamics,Male,31,Asia Pacific,SMB,2024-01-19,4,9200.00,2026-08-05,Active
CUST-2009,Beacon BioTech,Female,42,Europe,Enterprise,2023-07-08,9,31000.00,2026-06-20,Inactive
CUST-2010,CyberPulse Security,Male,36,North America,Enterprise,2023-12-01,11,41500.00,2026-09-22,Active
CUST-2011,Horizon Energy,Corporate,58,Europe,Enterprise,2022-09-15,16,58000.00,2026-09-10,Active
CUST-2012,Swift Consumer Goods,Female,27,Latin America,SMB,2024-04-20,2,4200.00,2026-05-12,Churned
CUST-2013,Titanium Automotive,Male,49,Asia Pacific,Enterprise,2023-02-14,15,52000.00,2026-09-15,Active
CUST-2014,Solaris Cloud Net,Female,34,North America,SMB,2023-11-11,8,22500.00,2026-09-02,Active
CUST-2015,Alpha Capital Group,Corporate,45,Europe,Enterprise,2022-08-30,22,79000.00,2026-09-26,Active
