Date,Region,Product,Product ID,Customer ID,Units Sold,Unit Price,Revenue,Cost,Profit Margin
2026-08-01,North America,Enterprise Cloud Suite,PROD-1001,CUST-2001,8,350.00,2800.00,960.00,0.66
2026-08-03,Europe,AI Analytics Platform,PROD-1002,CUST-2002,5,499.00,2495.00,900.00,0.64
2026-08-05,Asia Pacific,Secure Gateway Pro,PROD-1003,CUST-2005,12,199.00,2388.00,1020.00,0.57
2026-08-08,North America,Quantum DB Server,PROD-1004,CUST-2007,2,1850.00,3700.00,1700.00,0.54
2026-08-11,Europe,AI Analytics Platform,PROD-1002,CUST-2004,6,499.00,2994.00,1080.00,0.64
2026-08-14,North America,Data Mesh Orchestrator,PROD-1007,CUST-2003,4,600.00,2400.00,880.00,0.63
2026-08-17,Asia Pacific,Edge Processing Unit,PROD-1008,CUST-2008,10,260.00,2600.00,1100.00,0.58
2026-08-20,North America,Enterprise Cloud Suite,PROD-1001,CUST-2010,7,350.00,2450.00,840.00,0.66
2026-08-23,Europe,Unified Telemetry Agent,PROD-1009,CUST-2011,15,160.00,2400.00,975.00,0.59
2026-08-26,North America,High-Speed Optical Switch,PROD-1010,CUST-2001,3,780.00,2340.00,960.00,0.59
2026-08-29,Asia Pacific,Secure Gateway Pro,PROD-1003,CUST-2013,14,199.00,2786.00,1190.00,0.57
2026-09-02,Europe,AI Analytics Platform,PROD-1002,CUST-2015,8,499.00,3992.00,1440.00,0.64
2026-09-05,North America,Data Mesh Orchestrator,PROD-1007,CUST-2014,5,600.00,3000.00,1100.00,0.63
2026-09-08,Europe,Enterprise Cloud Suite,PROD-1001,CUST-2002,10,350.00,3500.00,1200.00,0.66
2026-09-12,North America,Quantum DB Server,PROD-1004,CUST-2007,3,1850.00,5550.00,2550.00,0.54
2026-09-15,Asia Pacific,Edge Processing Unit,PROD-1008,CUST-2013,9,260.00,2340.00,990.00,0.58
2026-09-18,North America,Enterprise Cloud Suite,PROD-1001,CUST-2001,11,350.00,3850.00,1320.00,0.66
2026-09-22,North America,CyberShield Endpoint,PROD-1005,CUST-2010,20,120.00,2400.00,900.00,0.63
2026-09-25,Europe,High-Speed Optical Switch,PROD-1010,CUST-2015,4,780.00,3120.00,1280.00,0.59
2026-09-28,North America,Enterprise Cloud Suite,PROD-1001,CUST-2007,12,350.00,4200.00,1440.00,0.66
